<?xml version="1.0" encoding="utf-8" ?><dwsync><file name="app.js" server="openlaw.id/public_html/ejampidsus/" local="131404182240000000" remote="131420086800000000" Dst="-1" /><file name="app.min.js" server="openlaw.id/public_html/ejampidsus/" local="3581938640" remote="3582038520" Dst="-1" /><file name="demo.js" server="openlaw.id/public_html/ejampidsus/" local="3581938640" remote="3582038520" Dst="-1" /><file name="bootstrap.js" server="openlaw.id/public_html/ejampidsus/" local="3552281608" remote="3582038520" Dst="-1" /><file name="bootstrap.min.js" server="openlaw.id/public_html/ejampidsus/" local="3552281610" remote="3582038520" Dst="-1" /><file name="jquery-3.2.1.min.js" server="openlaw.id/public_html/ejampidsus/" local="3581945203" remote="3582038520" Dst="-1" /><file name="kasus_posisi.js" server="openlaw.id/public_html/ejampidsus/" local="3582003163" remote="3582038520" Dst="-1" /><file name="npm.js" server="openlaw.id/public_html/ejampidsus/" local="3552281610" remote="3582038520" Dst="-1" /></dwsync>