<?xml version="1.0" encoding="utf-8" ?><dwsync><file name="_all-skins.css" server="openlaw.id/public_html/ejampidsus/" local="3581938640" remote="3582037740" Dst="-1" /><file name="_all-skins.min.css" server="openlaw.id/public_html/ejampidsus/" local="3581938640" remote="3582037740" Dst="-1" /><file name="skin-black-light.css" server="openlaw.id/public_html/ejampidsus/" local="3581938640" remote="3582037740" Dst="-1" /><file name="skin-black-light.min.css" server="openlaw.id/public_html/ejampidsus/" local="3581938640" remote="3582037800" Dst="-1" /><file name="skin-black.css" server="openlaw.id/public_html/ejampidsus/" local="3581938640" remote="3582037800" Dst="-1" /><file name="skin-black.min.css" server="openlaw.id/public_html/ejampidsus/" local="3581938640" remote="3582037800" Dst="-1" /><file name="skin-blue-light.css" server="openlaw.id/public_html/ejampidsus/" local="3581938640" remote="3582037800" Dst="-1" /><file name="skin-blue-light.min.css" server="openlaw.id/public_html/ejampidsus/" local="3581938640" remote="3582037800" Dst="-1" /><file name="skin-blue.css" server="openlaw.id/public_html/ejampidsus/" local="3581938640" remote="3582037800" Dst="-1" /><file name="skin-blue.min.css" server="openlaw.id/public_html/ejampidsus/" local="3581938640" remote="3582037800" Dst="-1" /><file name="skin-green-light.css" server="openlaw.id/public_html/ejampidsus/" local="3581938640" remote="3582037800" Dst="-1" /><file name="skin-green-light.min.css" server="openlaw.id/public_html/ejampidsus/" local="3581938640" remote="3582037800" Dst="-1" /><file name="skin-green.css" server="openlaw.id/public_html/ejampidsus/" local="3581938640" remote="3582037800" Dst="-1" /><file name="skin-green.min.css" server="openlaw.id/public_html/ejampidsus/" local="3581938640" remote="3582037800" Dst="-1" /><file name="skin-purple-light.css" server="openlaw.id/public_html/ejampidsus/" local="3581938640" remote="3582037800" Dst="-1" /><file name="skin-purple-light.min.css" server="openlaw.id/public_html/ejampidsus/" local="3581938640" remote="3582037800" Dst="-1" /><file name="skin-purple.css" server="openlaw.id/public_html/ejampidsus/" local="3581938640" remote="3582037800" Dst="-1" /><file name="skin-purple.min.css" server="openlaw.id/public_html/ejampidsus/" local="3581938640" remote="3582037800" Dst="-1" /><file name="skin-red-light.css" server="openlaw.id/public_html/ejampidsus/" local="3581938640" remote="3582037800" Dst="-1" /><file name="skin-red-light.min.css" server="openlaw.id/public_html/ejampidsus/" local="3581938640" remote="3582037800" Dst="-1" /><file name="skin-red.css" server="openlaw.id/public_html/ejampidsus/" local="3581938640" remote="3582037800" Dst="-1" /><file name="skin-red.min.css" server="openlaw.id/public_html/ejampidsus/" local="3581938640" remote="3582037800" Dst="-1" /><file name="skin-yellow-light.css" server="openlaw.id/public_html/ejampidsus/" local="3581938640" remote="3582037800" Dst="-1" /><file name="skin-yellow-light.min.css" server="openlaw.id/public_html/ejampidsus/" local="3581938640" remote="3582037800" Dst="-1" /><file name="skin-yellow.css" server="openlaw.id/public_html/ejampidsus/" local="3581938640" remote="3582037800" Dst="-1" /><file name="skin-yellow.min.css" server="openlaw.id/public_html/ejampidsus/" local="3581938640" remote="3582037800" Dst="-1" /></dwsync>