<?xml version="1.0" encoding="utf-8" ?><dwsync><file name="tinymce-small.eot" server="openlaw.id/public_html/ejampidsus/" local="3531372218" remote="3582038400" Dst="-1" /><file name="tinymce.eot" server="openlaw.id/public_html/ejampidsus/" local="3577207090" remote="3582038400" Dst="-1" /><file name="tinymce-small.json" server="openlaw.id/public_html/ejampidsus/" local="3531372218" remote="3582038400" Dst="-1" /><file name="tinymce.json" server="openlaw.id/public_html/ejampidsus/" local="3547153030" remote="3582038400" Dst="-1" /><file name="readme.md" server="openlaw.id/public_html/ejampidsus/" local="3464124146" remote="3582038400" Dst="-1" /><file name="tinymce-small.svg" server="openlaw.id/public_html/ejampidsus/" local="3577207090" remote="3582038460" Dst="-1" /><file name="tinymce.svg" server="openlaw.id/public_html/ejampidsus/" local="3577207090" remote="3582038460" Dst="-1" /><file name="tinymce-small.ttf" server="openlaw.id/public_html/ejampidsus/" local="3531372220" remote="3582038460" Dst="-1" /><file name="tinymce.ttf" server="openlaw.id/public_html/ejampidsus/" local="3577207090" remote="3582038460" Dst="-1" /><file name="tinymce-small.woff" server="openlaw.id/public_html/ejampidsus/" local="3531372220" remote="3582038460" Dst="-1" /><file name="tinymce.woff" server="openlaw.id/public_html/ejampidsus/" local="3577207090" remote="3582038460" Dst="-1" /></dwsync>