<?xml version="1.0" encoding="utf-8" ?><dwsync><file name="AdminLTE-bootstrap-social.css" server="openlaw.id/public_html/ejampidsus/" local="3581938640" remote="3582037740" Dst="-1" /><file name="AdminLTE-bootstrap-social.min.css" server="openlaw.id/public_html/ejampidsus/" local="3581938640" remote="3582037740" Dst="-1" /><file name="AdminLTE-fullcalendar.css" server="openlaw.id/public_html/ejampidsus/" local="3581938640" remote="3582037740" Dst="-1" /><file name="AdminLTE-fullcalendar.min.css" server="openlaw.id/public_html/ejampidsus/" local="3581938640" remote="3582037740" Dst="-1" /><file name="AdminLTE-select2.css" server="openlaw.id/public_html/ejampidsus/" local="3581938640" remote="3582037740" Dst="-1" /><file name="AdminLTE-select2.min.css" server="openlaw.id/public_html/ejampidsus/" local="3581938640" remote="3582037740" Dst="-1" /><file name="AdminLTE-without-plugins.css" server="openlaw.id/public_html/ejampidsus/" local="3581938640" remote="3582037740" Dst="-1" /><file name="AdminLTE-without-plugins.min.css" server="openlaw.id/public_html/ejampidsus/" local="3581938640" remote="3582037740" Dst="-1" /></dwsync>