{
	"skin-name": "openlaw",
	"preview-bg": "#eeeeee",
	"text": "#333333",
	"text-inverse": "#ffffff",
	"text-disabled": "#aaaaaa",
	"has-gradients": true,
	"has-radius": false,
	"has-boxshadow": true,
	"has-button-borders": true,
	"btn-text": "#333333",
	"btn-text-shadow": "#ffffff",
	"btn-bg": "#ffffff",
	"btn-bg-hlight": "#d9d9d9",
	"btn-border-top": "rgba(0,0,0,0.1)",
	"btn-border-right": "rgba(0,0,0,0.1)",
	"btn-border-bottom": "rgba(0,0,0,0.25)",
	"btn-border-left": "rgba(0,0,0,0.25)",
	"btn-split-border": "#bdbdbd",
	"btn-primary-text": "#ffffff",
	"btn-primary-text-shadow": "#ff0000",
	"btn-primary-bg": "#02b865",
	"btn-primary-bg-hlight": "#06b565",
	"btn-padding": "4px 10px",
	"menu-bg": "#ffffff",
	"menu-border": "rgba(0,0,0,0.2)",
	"menuitem-text": "#333333",
	"menuitem-bg-selected": "#02bf69",
	"menuitem-bg-selected-hlight": "#00A65A",
	"menuitem-separator-top": "#cbcbcb",
	"menuitem-separator-bottom": "#ffffff",
	"menuitem-text-inverse": "#ffffff",
	"menuitem-bg-active": "#03fa89",
	"menuitem-text-active": "#333333",
	"menuitem-preview-border-active": "#aaaaaa",
	"menubar-menubtn-text": "#333333",
	"checkbox-border": "#c5c5c5",
	"checkbox-border-focus": "#00A65A",
	"panel-border": "#00A65A",
	"panel-bg": "#ecf0f5",
	"panel-bg-hlight": "#ECF0F5",
	"textbox-bg": "#ffffff",
	"textbox-border": "#00A65A",
	"textbox-border-focus": "#00a65a",
	"window-bg": "#fff",
	"window-border": "#00A65A",
	"tab-bg": "#ECF0F5",
	"tab-bg-hover": "#fdfdfd",
	"tab-bg-active": "#03fa89",
	"tab-border": "#00A65A",
	"tabs-bg": "#ffffff",
	"notification-bg": "#f4f4f4",
	"notification-border": "#cccccc",
	"notification-text": "#333333",
	"notification-success-bg": "#00A65A",
	"notification-success-border": "#d6e9c6",
	"notification-success-text": "#fff",
	"notification-info-bg": "#03fa89",
	"notification-info-border": "#779ecb",
	"notification-info-text": "#779ecb",
	"notification-warning-bg": "#d6fc68",
	"notification-warning-border": "#faebcc",
	"notification-warning-text": "#00A65A",
	"notification-error-bg": "#D8514D",
	"notification-error-border": "#D8514D",
	"notification-error-text": "#ffffff",
	"progress-bar-bg": "#03fa89",
	"progress-bar-bg-hlight": "#03fa89",
	"progress-border": "#00A65A",
	"progress-text": "#00A65A",
	"progress-text-shadow": "transparent",
	"slider-bg": "#eeeeee",
	"slider-border": "#aaaaaa",
	"slider-handle-bg": "#00A65A",
	"slider-handle-border": "#bbbbbb",
	"colorbtn-backcolor-bg": "#bbbbbb",
	"grid-border": "#d6d6d6",
	"grid-border-active": "#a1a1a1"
}