<?xml version="1.0" encoding="utf-8" ?><dwsync><file name="AdminLTE.css" server="openlaw.id/public_html/ejampidsus/" local="3581963682" remote="3582037680" Dst="-1" /><file name="AdminLTE.min.css" server="openlaw.id/public_html/ejampidsus/" local="3581938640" remote="3582037740" Dst="-1" /><file name="app.css" server="openlaw.id/public_html/ejampidsus/" local="3577351322" remote="3582037740" Dst="-1" /><file name="bootstrap-theme.css" server="openlaw.id/public_html/ejampidsus/" local="3552281608" remote="3582037740" Dst="-1" /><file name="bootstrap-theme.min.css" server="openlaw.id/public_html/ejampidsus/" local="3552281608" remote="3582037740" Dst="-1" /><file name="bootstrap.css" server="openlaw.id/public_html/ejampidsus/" local="3581954167" remote="3582037740" Dst="-1" /><file name="bootstrap.min.css" server="openlaw.id/public_html/ejampidsus/" local="3552281608" remote="3582037740" Dst="-1" /><file name="font-awesome.css" server="openlaw.id/public_html/ejampidsus/" local="3578377432" remote="3582037740" Dst="-1" /><file name="font-awesome.min.css" server="openlaw.id/public_html/ejampidsus/" local="3578377434" remote="3582037740" Dst="-1" /><file name="ionicons.css" server="openlaw.id/public_html/ejampidsus/" local="3503106150" remote="3582037740" Dst="-1" /><file name="ionicons.min.css" server="openlaw.id/public_html/ejampidsus/" local="3503106150" remote="3582037740" Dst="-1" /><file name="bootstrap-theme.css.map" server="openlaw.id/public_html/ejampidsus/" local="3552281608" remote="3582037800" Dst="-1" /><file name="bootstrap-theme.min.css.map" server="openlaw.id/public_html/ejampidsus/" local="3552281608" remote="3582037800" Dst="-1" /><file name="bootstrap.css.map" server="openlaw.id/public_html/ejampidsus/" local="3552281608" remote="3582037800" Dst="-1" /><file name="bootstrap.min.css.map" server="openlaw.id/public_html/ejampidsus/" local="3552281608" remote="3582037800" Dst="-1" /></dwsync>