<?xml version="1.0" encoding="utf-8" ?><dwsync><file name="fontawesome-webfont.eot" server="openlaw.id/public_html/ejampidsus/" local="3578377432" remote="3582037860" Dst="-1" /><file name="glyphicons-halflings-regular.eot" server="openlaw.id/public_html/ejampidsus/" local="3552273782" remote="3582037860" Dst="-1" /><file name="ionicons.eot" server="openlaw.id/public_html/ejampidsus/" local="3503106150" remote="3582037860" Dst="-1" /><file name="FontAwesome.otf" server="openlaw.id/public_html/ejampidsus/" local="3578377432" remote="3582037860" Dst="-1" /><file name="fontawesome-webfont.svg" server="openlaw.id/public_html/ejampidsus/" local="3578377432" remote="3582037860" Dst="-1" /><file name="glyphicons-halflings-regular.svg" server="openlaw.id/public_html/ejampidsus/" local="3552273782" remote="3582037860" Dst="-1" /><file name="ionicons.svg" server="openlaw.id/public_html/ejampidsus/" local="3503106150" remote="3582037860" Dst="-1" /><file name="fontawesome-webfont.ttf" server="openlaw.id/public_html/ejampidsus/" local="3578377432" remote="3582037860" Dst="-1" /><file name="glyphicons-halflings-regular.ttf" server="openlaw.id/public_html/ejampidsus/" local="3552273782" remote="3582037860" Dst="-1" /><file name="ionicons.ttf" server="openlaw.id/public_html/ejampidsus/" local="3503106150" remote="3582037860" Dst="-1" /><file name="fontawesome-webfont.woff" server="openlaw.id/public_html/ejampidsus/" local="3578377432" remote="3582037860" Dst="-1" /><file name="glyphicons-halflings-regular.woff" server="openlaw.id/public_html/ejampidsus/" local="3552273782" remote="3582037860" Dst="-1" /><file name="ionicons.woff" server="openlaw.id/public_html/ejampidsus/" local="3503106150" remote="3582037860" Dst="-1" /><file name="fontawesome-webfont.woff2" server="openlaw.id/public_html/ejampidsus/" local="3578377432" remote="3582037920" Dst="-1" /><file name="glyphicons-halflings-regular.woff2" server="openlaw.id/public_html/ejampidsus/" local="3552273782" remote="3582037920" Dst="-1" /></dwsync>