<?xml version="1.0" encoding="utf-8" ?><dwsync><file name="tinymce-small.eot" server="openlaw.id/public_html/ejampidsus/" local="3580214042" remote="3582038340" Dst="-1" /><file name="tinymce.eot" server="openlaw.id/public_html/ejampidsus/" local="3580214042" remote="3582038400" Dst="-1" /><file name="tinymce-small.svg" server="openlaw.id/public_html/ejampidsus/" local="3580214042" remote="3582038400" Dst="-1" /><file name="tinymce.svg" server="openlaw.id/public_html/ejampidsus/" local="3580214042" remote="3582038400" Dst="-1" /><file name="tinymce-small.ttf" server="openlaw.id/public_html/ejampidsus/" local="3580214042" remote="3582038400" Dst="-1" /><file name="tinymce.ttf" server="openlaw.id/public_html/ejampidsus/" local="3580214042" remote="3582038400" Dst="-1" /><file name="tinymce-small.woff" server="openlaw.id/public_html/ejampidsus/" local="3580214042" remote="3582038400" Dst="-1" /><file name="tinymce.woff" server="openlaw.id/public_html/ejampidsus/" local="3580214042" remote="3582038400" Dst="-1" /></dwsync>